,Text,Total num. of Words,VLength,Vader Words Matches,Semantic Score (-4 to 4),Rate of All Words / Vader Words,Date
0,Link of the day Most popular link among people I follow is  by ,13,1,[popular],1.8,7.69230769231,Sat Jul 11 11:27:11 +0000 2015
1,More improvement to Nairobi in the last 3 weeks than the last 3 years  you should visit more  often,19,1,[improvement],2.0,5.26315789474,Sat Jul 11 11:25:49 +0000 2015
3,fileI485 Plz implement policy to provide AOS for approved I140      ,10,2,"[plz, approved]",1.05,20.0,Sat Jul 11 11:25:02 +0000 2015
4,      India with 400 of USA Population Size Lives in 25of USA Land Area  with Peace,15,1,[peace],2.5,6.66666666667,Sat Jul 11 11:24:40 +0000 2015
5,"   FEEL FREE TO TALK ABOUT THE MURDER OF KateSteinle KatesLaw tcot SanctuaryCity SanctuaryCities
httpt",14,2,"[free, murder]",-0.7,14.2857142857,Sat Jul 11 11:24:24 +0000 2015
7,  The President just took steps to protect more than one million acres of public land  ,15,1,[protect],1.6,6.66666666667,Sat Jul 11 11:24:02 +0000 2015
8,Equality  immigration illegals No one asked  what he was going to remake America into oops SJWs,16,1,[no],-1.2,6.25,Sat Jul 11 11:23:35 +0000 2015
9,  Please post something against Bok Nal Torture Festival South Korea is your ally stopboknal2015 ,14,3,"[please, torture, festival]",0.2,21.4285714286,Sat Jul 11 11:23:35 +0000 2015
11,  You inspired a whole new generation of young women President Obama to the  SheBelieves ,14,1,[inspired],2.2,7.14285714286,Sat Jul 11 11:23:10 +0000 2015
14,  LIVE President Obama is at  speaking about economic progress ,9,1,[progress],1.8,11.1111111111,Sat Jul 11 11:22:32 +0000 2015
15,  The uninsured rate is now at the lowest level to datethanks to Obamacare ,13,1,[lowest],-1.6,7.69230769231,Sat Jul 11 11:22:27 +0000 2015
16,Well done   Uninsured Rate Continues To Drop  via ,8,2,"[well, drop]",0.0,25.0,Sat Jul 11 11:22:23 +0000 2015
17, A LIFE A little innocent girlNOT THRU SCHOOL NO DATING YETNO PROMSNO SENIOR TRIP CONGRESS WOMAN GIFFORD,17,2,"[innocent, no]",0.1,11.7647058824,Sat Jul 11 11:22:23 +0000 2015
18, SHOOTING WITH GUN July 42015 NASHVILLE TENNESSEE BIG CELEBRATION A LITTLE GIRL SHOT WHAT SHOOTING AT BATMAN AND ROBIN UMBRELLA,20,1,[gun],-1.4,5.0,Sat Jul 11 11:21:05 +0000 2015
20, Have a good day sir,5,1,[good],1.9,20.0,Sat Jul 11 11:20:56 +0000 2015
21, COOL,1,1,[cool],1.3,100.0,Sat Jul 11 11:19:34 +0000 2015
22, RT  We at TEEP 15 boot camp  giving AfricanEntrepreneurs a voice Tnks4championing tru YALI Africapitalism,15,1,[giving],1.4,6.66666666667,Sat Jul 11 11:19:08 +0000 2015
24,"  FREEDOM

AS SERVED BY 

Drink up UniteBlue Drink up

WakeUpAmerica CulturalRot tcot  ",12,1,[freedom],3.2,8.33333333333,Sat Jul 11 11:18:51 +0000 2015
25,       USA Citizens Must Learn from INDIA to Live in Peace with 1000Castsand100Religions,12,1,[peace],2.5,8.33333333333,Sat Jul 11 11:18:50 +0000 2015
26,I will say whats obvious and wot most think  hates veterans and all the decency they represent PJNET ,18,1,[hates],-1.9,5.55555555556,Sat Jul 11 11:18:48 +0000 2015
27,   Cant i be freeor i you not enjoying freedom in your countryl need my own countrywhere i we be free biafra ipob,22,3,"[enjoying, freedom, free]",2.63333333333,13.6363636364,Sat Jul 11 11:16:25 +0000 2015
28,Thank you for this wine  ,5,1,[thank],1.5,20.0,Sat Jul 11 11:16:12 +0000 2015
30,  Read how the Obama administration plans to help renters and lowincome homeowners gain easier access to solar energy http,19,4,"[help, gain, easier, energy]",1.75,21.0526315789,Sat Jul 11 11:14:25 +0000 2015
33,  GameOfThrones superfan  is very upset about the death of Jon Snow  ,11,2,"[upset, death]",-2.25,18.1818181818,Sat Jul 11 11:13:29 +0000 2015
34,If you missed it here is the most popular link among people I follow  by ,15,2,"[missed, popular]",0.3,13.3333333333,Sat Jul 11 11:13:15 +0000 2015
35, Than fairy Shunji Yokoyama of a prince of Buddys family team goodwill friendship ambassador angel Good morning,17,2,"[friendship, good]",1.9,11.7647058824,Sat Jul 11 11:11:17 +0000 2015
38, To the grand United States world peace Nobel Prize prize winner United States Obama President named grand trust,18,9,"[grand, united, peace, prize, prize, winner, united, grand, trust]",2.2,50.0,Sat Jul 11 11:10:59 +0000 2015
40,    Bush left a secure Iraq Obama cut and ran for political purposes ISIS waltzed in,15,2,"[secure, cut]",0.15,13.3333333333,Sat Jul 11 11:10:04 +0000 2015
41, On the other hand the person is in spring to arrange a heart when it may increase that a country intervenes in the world of,25,2,"[hand, increase]",1.75,8.0,Sat Jul 11 11:09:29 +0000 2015
42,  Now whole Bosnia is under threat of Genocide by Russia and Serbia    ,12,1,[threat],-2.4,8.33333333333,Sat Jul 11 11:09:15 +0000 2015
43,     That is liberal BSthe world intelligence agencies all believed WMD existed,11,1,[intelligence],2.1,9.09090909091,Sat Jul 11 11:09:14 +0000 2015
46, The money that a country starts to make player strong increases and expects to,14,1,[strong],2.3,7.14285714286,Sat Jul 11 11:07:24 +0000 2015
47,"  We wokeup in freedom AmirHekmati woke up to another
day in cell in Iran FreeAmirNow ",15,1,[freedom],3.2,6.66666666667,Sat Jul 11 11:07:02 +0000 2015
48,Message to  and  IslamicState is Islam  Its Pure PoisonNow Grow som balls and smash the Evil ,16,1,[evil],-3.4,6.25,Sat Jul 11 11:06:57 +0000 2015
49, YOU ROLL WITH XO OR NAH,6,1,[nah],-0.4,16.6666666667,Sat Jul 11 11:06:23 +0000 2015
51, Is the  Economic Blueprint a SCAM ,6,1,[scam],-2.7,16.6666666667,Sat Jul 11 11:06:03 +0000 2015
52, Sir Look forward to your support in my struggle for my DaughtersEU Nationalshave sent a mail with Details Regards,19,2,"[support, struggle]",0.2,10.5263157895,Sat Jul 11 11:05:59 +0000 2015
53, The sports agency deepens the connection of the government office and aims at making it easy to do work,19,1,[easy],1.9,5.26315789474,Sat Jul 11 11:04:57 +0000 2015
55,   wanted to know a big GameofThrones spoiler He didnt like the answer ComicCon  http,14,1,[like],1.5,7.14285714286,Sat Jul 11 11:04:04 +0000 2015
56,     ok So if  gwb Jr makes up false evidence then what Obama ended it,14,1,[ok],1.6,7.14285714286,Sat Jul 11 11:04:04 +0000 2015
57,From my friends the person who has been the longest time on Twitter is  Im in the position 209 of 1827 ,21,1,[friends],2.1,4.7619047619,Sat Jul 11 11:03:06 +0000 2015
58,"    it would be a pleasure if you see this

dontgotoseaworld ",10,1,[pleasure],2.7,10.0,Sat Jul 11 11:02:32 +0000 2015
61,  It is good to be black   TEEP  AfricanEntrepreneurs   ,8,1,[good],1.9,12.5,Sat Jul 11 11:00:47 +0000 2015
64, can I now marry my ar15 I love it  Or mcdonalds Im loving it,14,2,"[love, loving]",3.05,14.2857142857,Sat Jul 11 11:00:03 +0000 2015
66,  WholeBosnia is under threat of GenocidebyRussia and Serbia     ,8,1,[threat],-2.4,12.5,Sat Jul 11 10:59:11 +0000 2015
68,"  Muslims entering the WhiteHouse and ask  to leave after gay marriage approval

",12,2,"[leave, approval]",0.95,16.6666666667,Sat Jul 11 10:58:57 +0000 2015
70, Britain supporting the killing of Christians in Nigeria Let Biafra go we are dying ,14,2,"[supporting, killing]",-0.75,14.2857142857,Sat Jul 11 10:58:36 +0000 2015
73, UGH he is really too much  we rly hate u 4 wat u have done to our nation jst chill ok obamasucks obamadrools,23,3,"[ugh, hate, ok]",-0.966666666667,13.0434782609,Sat Jul 11 10:57:53 +0000 2015
74,Watching the news in Spain and a report about America comes on and  appears Makes me realize what a good lookin president we have,24,1,[good],1.9,4.16666666667,Sat Jul 11 10:57:10 +0000 2015
75,Hmmm  is crushin on  cuz of Iran Know when this Iran thing started With Reagan smh,16,1,[smh],-1.3,6.25,Sat Jul 11 10:55:55 +0000 2015
76,  Good Evening  Morning Sir God Bless U All Sir,9,3,"[good, god, bless]",1.6,33.3333333333,Sat Jul 11 10:55:23 +0000 2015
78,Yeah im gonna make someone mad today  ,7,2,"[yeah, mad]",-0.5,28.5714285714,Sat Jul 11 10:55:06 +0000 2015
79,   bullshit,1,1,[bullshit],-2.8,100.0,Sat Jul 11 10:55:05 +0000 2015
82,It is good to be black   TEEP  AfricanEntrepreneurs   ,8,1,[good],1.9,12.5,Sat Jul 11 10:53:46 +0000 2015
83,  LandOfTheFree dont lift the embargo unless Castro agrees to protect HumanRights ,11,2,"[agrees, protect]",1.2,18.1818181818,Sat Jul 11 10:53:36 +0000 2015
84,  As a citizen of the state of Israel I trust our friends  and  and believe that they have our back in nuke ta,23,2,"[trust, friends]",2.2,8.69565217391,Sat Jul 11 10:53:29 +0000 2015
85,  Freedomforbaifrans We want our freedom       ,5,2,"[want, freedom]",1.75,40.0,Sat Jul 11 10:53:26 +0000 2015
89,   THATS ALL YOU GOT TO SAY UNINSUREDRATE  OBAMACARE OUR COUNTRY GOING DOWN TO HELL ALL YOU GOT TO SAY UNINS,20,1,[hell],-3.6,5.0,Sat Jul 11 10:52:34 +0000 2015
92,    Well thats itIm done CHANNELING LuciferIn fact fuck being a LibraryCard 4 A bit man,15,2,"[well, fuck]",-0.7,13.3333333333,Sat Jul 11 10:52:30 +0000 2015
93,"  Well this is awkward 
cc    
    ",5,2,"[well, awkward]",0.25,40.0,Sat Jul 11 10:52:24 +0000 2015
95,  Hey my friend  do the 11th of July the next independance day cuz  was born Thanks and see you a,20,2,"[friend, thanks]",2.05,10.0,Sat Jul 11 10:51:52 +0000 2015
96,"  it would be a pleasure if you see this

dontgotoseaworld ",10,1,[pleasure],2.7,10.0,Sat Jul 11 10:51:44 +0000 2015
97,Video Rep Chaffetz calls on President Obama to fire OPM chief  PresidentObama  ,12,1,[fire],-1.4,8.33333333333,Sat Jul 11 10:51:36 +0000 2015
98,  Most homeless since WW2 Earthwide under Bush Secretary Clinton and Obama War   ,12,1,[war],-2.9,8.33333333333,Sat Jul 11 10:51:30 +0000 2015
99, ableton ableton9 Need royalty free audio 1934 new musicyou deserve best   ,11,2,"[free, best]",2.75,18.1818181818,Sat Jul 11 10:50:37 +0000 2015
101," Download Free Election Stickers Now
Android
 iPhone  ",7,1,[free],2.3,14.2857142857,Sat Jul 11 10:50:22 +0000 2015
102,Do you keep cities in nevada so bright and full of light pollution to keep us from seeing what in the sky from Area 51  ,25,1,[bright],1.9,4.0,Sat Jul 11 10:50:12 +0000 2015
103,    is this what you and Michelle wanted Think hatred of America by black racis,14,1,[hatred],-3.2,7.14285714286,Sat Jul 11 10:49:33 +0000 2015
105,   actually she looks tan or beige No such thing as a white person,13,1,[no],-1.2,7.69230769231,Sat Jul 11 10:49:25 +0000 2015
108,Video Pres s weeklly address on makin it easier for communities to implement the Fair Housing Act ,17,2,"[easier, fair]",1.55,11.7647058824,Sat Jul 11 10:48:45 +0000 2015
109,"Two of my favorite guys 

    ",5,1,[favorite],2.0,20.0,Sat Jul 11 10:48:36 +0000 2015
113, Obama to Visit Prison First Time for a President  httptcoFEQ1u3N8iQ  fix em Brutal system,14,2,"[prison, brutal]",-2.7,14.2857142857,Sat Jul 11 10:48:21 +0000 2015
114,Is Jon Snow dead  ,4,1,[dead],-3.3,25.0,Sat Jul 11 10:48:20 +0000 2015
115, leading disability school is facing closure after 94 years Please RT autism deaf savepennuk ,14,1,[please],1.3,7.14285714286,Sat Jul 11 10:48:20 +0000 2015
116, Trigger happy cops in the US learn something  ,8,1,[happy],2.7,12.5,Sat Jul 11 10:48:14 +0000 2015
117,   superfan  is very upset about Jon Snows death  ,8,2,"[upset, death]",-2.25,25.0,Sat Jul 11 10:48:13 +0000 2015
118,    That was obviously a poor jokeA certain LUCIFER is whisperin in My EARShe Says,14,2,"[poor, certain]",-0.5,14.2857142857,Sat Jul 11 10:48:13 +0000 2015
119,The Question is how can you create homegrown ideas that will transform Africa Rep cc  TEEP,16,1,[create],1.1,6.25,Sat Jul 11 10:48:13 +0000 2015
120,"  The nightmare continues for SaeedAbedini and family
Your promise SaveSaeed IranTalksVienna  ",11,1,[promise],1.3,9.09090909091,Sat Jul 11 10:48:12 +0000 2015
121,"Like fanpage  

      ",2,1,[like],1.5,50.0,Sat Jul 11 10:48:10 +0000 2015
122,"  Dear 
 ",1,1,[dear],1.6,100.0,Sat Jul 11 10:48:09 +0000 2015
123, These 250000 civilians killed by Assad while you prevent free army from effective weapons to fight back U r the killer,21,7,"[killed, prevent, free, effective, weapons, fight, killer]",-0.828571428571,33.3333333333,Sat Jul 11 10:48:07 +0000 2015
124,Now President of United States is speaking  at the TEEP ,10,1,[united],1.8,10.0,Sat Jul 11 10:48:05 +0000 2015
125,  The End of a Mistake for the US    ,8,1,[mistake],-1.4,12.5,Sat Jul 11 10:48:02 +0000 2015
126,THIS is what  and  are so hot to negotiate with  failure IStandWithIsrael tcot GOP  ,14,1,[failure],-2.3,7.14285714286,Sat Jul 11 10:48:02 +0000 2015
127,"  Hey 
Since were getting rid of everything that offends people can we get rid of you flag stompers and Auburn",20,1,[offends],-2.0,5.0,Sat Jul 11 10:48:01 +0000 2015
128,  GameofThrones director David Nutter told  Jon Snow is really dead Why wasnt there a White House statem,17,1,[dead],-3.3,5.88235294118,Sat Jul 11 10:47:59 +0000 2015
129,    let me tell you your games with  and  is criminal ,10,1,[criminal],-2.4,10.0,Sat Jul 11 10:47:58 +0000 2015
131,  Say youll keep up the fightshow your support and chip in before midnight  ,13,1,[support],1.7,7.69230769231,Sat Jul 11 10:47:55 +0000 2015
135,  Now whole Bosnia is under threat of Genocide by Russia and Serbia     ,12,1,[threat],-2.4,8.33333333333,Sat Jul 11 10:47:47 +0000 2015
137,  I wouldnt accepts Islamic states is alquada those people are suffering under   weopeans of mass,15,2,"[accepts, suffering]",-0.4,13.3333333333,Sat Jul 11 10:47:46 +0000 2015
140,I wouldnt accepts Islamic states is alquada those people are suffering under   weopeans of mass destructions ,16,3,"[accepts, suffering, destructions]",-1.03333333333,18.75,Sat Jul 11 10:47:40 +0000 2015
142,From my friends the person who has been the longest time on Twitter is  Im in the position 209 of 1822 ,21,1,[friends],2.1,4.7619047619,Sat Jul 11 10:46:54 +0000 2015
143, We Need help for Effects of Industrial Effluent and Contamination of Ground Water in District  ,15,1,[help],1.7,6.66666666667,Sat Jul 11 10:46:45 +0000 2015
144,  you have made people unconscious by deadly poisons when they goes to hospitals then they have no clues w happe,20,2,"[poisons, no]",-1.95,10.0,Sat Jul 11 10:46:26 +0000 2015
148,Tell  Save the sage grouse and the American West Add your voice now ,13,1,[save],2.2,7.69230769231,Sat Jul 11 10:44:30 +0000 2015
149,  Nice friends you have ,4,2,"[nice, friends]",1.95,50.0,Sat Jul 11 10:42:10 +0000 2015
150, u has vales thats destroying citizens hearts u inserts micro chips in to ladies vaginas during consultations for your spying,20,1,[destroying],-2.6,5.0,Sat Jul 11 10:42:08 +0000 2015
152,An true AMERICAN hero punished by   ,6,3,"[true, hero, punished]",0.8,50.0,Sat Jul 11 10:41:02 +0000 2015
153, please follow this accounttkmc3,4,1,[please],1.3,25.0,Sat Jul 11 10:40:52 +0000 2015
154,  It was very nice meeting you mr president  ,8,1,[nice],1.8,12.5,Sat Jul 11 10:40:47 +0000 2015
155,  thanks for my birthday surprise  jk but wow youre fkkn cool lovewins,12,5,"[thanks, surprise, jk, wow, cool]",1.6,41.6666666667,Sat Jul 11 10:40:42 +0000 2015
156,  We are all created equal President Obama LoveWins,8,1,[created],1.0,12.5,Sat Jul 11 10:40:14 +0000 2015
157,  When all Americans are treated as equal we are all more free President Obama LoveWins,15,1,[free],2.3,6.66666666667,Sat Jul 11 10:39:04 +0000 2015
158,  excuse me  may I please borrow air force one i have a slumberparty to get to surely you understand,19,3,"[excuse, please, surely]",1.16666666667,15.7894736842,Sat Jul 11 10:38:47 +0000 2015
160, lives of people are in danger under  and  this cannot go on,12,1,[danger],-2.4,8.33333333333,Sat Jul 11 10:38:47 +0000 2015
161,  Watch the Presidents full statement on the Supreme Courts ruling on marriage equality LoveWins ,14,1,[supreme],2.6,7.14285714286,Sat Jul 11 10:38:46 +0000 2015
163, Honorable His Excellency President Barack Obama Ist Most humble request please We need your help for my Organization,18,4,"[honorable, excellency, please, help]",2.0,22.2222222222,Sat Jul 11 10:38:38 +0000 2015
164, Turkey is discussing possibility that establishing safe zone plan in Syria  ,11,1,[safe],1.9,9.09090909091,Sat Jul 11 10:38:36 +0000 2015
166," 

What is British Govt doing with one of the most corrupt men on earth Cameron stop supporting corruption in Nigeria",20,2,"[stop, supporting]",0.35,10.0,Sat Jul 11 10:38:32 +0000 2015
167,   Im Thinking Yellow Stone EruptingMassive Earth UpheavalsGet  IT My Sexy EarthGoddess ,11,1,[sexy],2.4,9.09090909091,Sat Jul 11 10:38:31 +0000 2015
170,WakeUpAmerica  doesnt like U or your country and his wife only felt proud when she was made Queen SJWs ,19,2,"[like, proud]",1.8,10.5263157895,Sat Jul 11 10:38:27 +0000 2015
171,  Sorry allow ,2,2,"[sorry, allow]",0.3,100.0,Sat Jul 11 10:38:27 +0000 2015
173,  If I remember you said  once you  are a Christian if you are you know GOD do not flow same sex marriage,22,1,[god],1.1,4.54545454545,Sat Jul 11 10:38:25 +0000 2015
174,If  wants to cement his legacy then completing the work of  1776 and ridding Britain of ToryScum would be perfect,20,1,[perfect],2.7,5.0,Sat Jul 11 10:38:22 +0000 2015
175,  those are three evil men supporting zoo call nigeria but thank chukwuabiama for Ipob which is Biafra ,17,3,"[evil, supporting, thank]",0.0,17.6470588235,Sat Jul 11 10:38:14 +0000 2015
176,   Its not fair to get to know about The Ruling Regime in Iran but being silent IranDeal   ,17,1,[fair],1.3,5.88235294118,Sat Jul 11 10:38:08 +0000 2015
177, KIll this one ,3,1,[kill],-3.7,33.3333333333,Sat Jul 11 10:38:07 +0000 2015
178, Good morning United States President Obama who is great great United States world peace Nobel Prize winner,17,8,"[good, united, great, great, united, peace, prize, winner]",2.4125,47.0588235294,Sat Jul 11 10:34:46 +0000 2015
179,I wish I could meet Obama when he comes here next week Just want to shake his hand  ,18,4,"[wish, want, shake, hand]",0.875,22.2222222222,Sat Jul 11 10:33:32 +0000 2015
180,  The price of a nuclear deal with Iran will be paid in the blood and suffering of the people of Syria  Obama ,22,1,[suffering],-2.1,4.54545454545,Sat Jul 11 10:33:03 +0000 2015
182,Hi  as US believes in Free Speech now that  is banning  and  messenger we need your help,17,2,"[free, help]",2.0,11.7647058824,Sat Jul 11 10:32:26 +0000 2015
183, Relistening to the  podcast episode for the fifth time inspiring  when you getting him on again ,16,1,[inspiring],1.8,6.25,Sat Jul 11 10:32:23 +0000 2015
185, sir plz save me Pakistanis enharrace me im 28 years old and there threatening me from past 8 years,19,3,"[plz, save, threatening]",0.0333333333333,15.7894736842,Sat Jul 11 10:32:22 +0000 2015
186," This live once attend meetings
optimal farm",7,1,[optimal],1.5,14.2857142857,Sat Jul 11 10:32:22 +0000 2015
188,"   
Biafra forbids jihadist terrorism
Biafrans worship CHUKWU OKIKE ABIAMA
FreeBiafra from Nigeria ",12,3,"[forbids, terrorism, worship]",-1.23333333333,25.0,Sat Jul 11 10:32:21 +0000 2015
189,3000 Americans die from foodborne illnesses each year Ask  to keep his FoodSafety promise ,14,3,"[die, illnesses, promise]",-1.26666666667,21.4285714286,Sat Jul 11 10:32:20 +0000 2015
190, The linguistic encoding of the key phrase inherent to the case is an interesting tool to consider the ongoing and future events,22,1,[interesting],1.7,4.54545454545,Sat Jul 11 10:32:20 +0000 2015
191, sir im from Pakistan and these people r trying to kill me in the name of Prophet Muhammed PBUH plz save me 923332179853,23,3,"[kill, plz, save]",-0.4,13.0434782609,Sat Jul 11 10:32:19 +0000 2015
192,  Biafra We want to be free    people of good will all over the world is it a Crime,18,4,"[want, free, good, crime]",0.5,22.2222222222,Sat Jul 11 10:32:19 +0000 2015
193,immigration  has broken Americas back and let us drown in a rising pool of water WakeUpAmerica ,16,2,"[broken, drown]",-2.4,12.5,Sat Jul 11 10:32:19 +0000 2015
194, The danger is presented within the last words of the phrase,11,1,[danger],-2.4,9.09090909091,Sat Jul 11 10:32:18 +0000 2015
196, Pay attention to the linguistic encoding of the circumstances of the event as a prediction of the developments in Pakistan,20,1,[pay],-0.4,5.0,Sat Jul 11 10:32:16 +0000 2015
197,world must be united to stop   s war crimes Together we can stop those two men including ,17,4,"[united, stop, war, stop]",-0.875,23.5294117647,Sat Jul 11 10:32:14 +0000 2015
198, was quick to use SC murders for his political purposes but the FBIs background check was the problem ,18,2,"[murders, problem]",-2.35,11.1111111111,Sat Jul 11 10:32:13 +0000 2015
199,  NO HEs not,3,1,[no],-1.2,33.3333333333,Sat Jul 11 10:32:13 +0000 2015
200,  Last summer I told  if the fed government wont secure the border Texas will  http,15,2,"[fed, secure]",-0.2,13.3333333333,Sat Jul 11 10:32:11 +0000 2015
201,For the 3 days  will be in Kenya he will sleep at undisclosed locationsjust like very many kenyan men  KOT,20,1,[like],1.5,5.0,Sat Jul 11 10:32:08 +0000 2015
204, The lax gun laws that  is unable to enforce Its called incompetence  ,12,2,"[gun, incompetence]",-1.85,16.6666666667,Sat Jul 11 10:32:06 +0000 2015
205,Link  by  is the most popular tweet in my news feed today,12,1,[popular],1.8,8.33333333333,Sat Jul 11 10:32:03 +0000 2015
208, The operation of Bentham Science Publishers should be immediately suspended its further processing should be totally rethought,17,1,[suspended],-2.1,5.88235294118,Sat Jul 11 10:31:58 +0000 2015
209,  Everyone deserves the same benefits no matter who they love  LoveIsLove,11,4,"[benefits, no, matter, love]",0.925,36.3636363636,Sat Jul 11 10:31:58 +0000 2015
211,   The 2nd GENOCIDE against Biafrans as promised by Buhari has begun3days of unreported aerial Bombardment ,15,1,[promised],1.5,6.66666666667,Sat Jul 11 10:31:55 +0000 2015
212, Obviously Bentham Science Publishers is the Foreign Terrorist Organization,9,1,[terrorist],-3.7,11.1111111111,Sat Jul 11 10:31:48 +0000 2015
213, please follow this accounttkmc3 q,5,1,[please],1.3,20.0,Sat Jul 11 10:31:48 +0000 2015
214,      no wmds,2,1,[no],-1.2,50.0,Sat Jul 11 10:31:42 +0000 2015
215,       Stop wars very expensive ,4,2,"[stop, wars]",-1.9,50.0,Sat Jul 11 10:31:40 +0000 2015
216,Even  thinks Jon Snow is dead,6,1,[dead],-3.3,16.6666666667,Sat Jul 11 10:31:39 +0000 2015
217, wanted to know a big GameofThrones spoiler He didnt like the answer ComicCon  ,13,1,[like],1.5,7.69230769231,Sat Jul 11 10:31:37 +0000 2015
218,   how can circumcised and uncircumcised be in one country Please we want our freedom or we might do order wise,20,4,"[please, want, freedom, wise]",1.725,20.0,Sat Jul 11 10:31:37 +0000 2015
219,  israel murder Palestinians everydaY And  have no idea israel is doing it with USA moneY ,15,2,"[murder, no]",-2.45,13.3333333333,Sat Jul 11 10:31:37 +0000 2015
220,The Supreme Courts ruling on the Affordable Care Act could go a long way in shaping the legacy of  ,19,2,"[supreme, care]",2.4,10.5263157895,Sat Jul 11 10:31:37 +0000 2015
221,   Freedom fighting is not a crime Free ProBiafran activists BenOnwuka and group ,12,4,"[freedom, fighting, crime, free]",0.375,33.3333333333,Sat Jul 11 10:31:37 +0000 2015
222, Respected Patron Please consider the ongoing events in Russia in Perm,11,2,"[respected, please]",1.7,18.1818181818,Sat Jul 11 10:31:36 +0000 2015
223, I am a Kenyan one who is not on your list of to meet I would like the opportunity  to meet you and chat mydreamsarevalid,25,2,"[like, opportunity]",1.65,8.0,Sat Jul 11 10:31:30 +0000 2015
224,"Game of Thrones director What I told Obama about Jon Snow 

 is a Fan of GameofThrones   Wow",17,2,"[fan, wow]",2.05,11.7647058824,Sat Jul 11 10:31:30 +0000 2015
225,Its serious    ,2,1,[serious],-0.3,50.0,Sat Jul 11 10:31:30 +0000 2015
227, with all due respect could you at least rise above politics and agenda just once to denounce the death of the sf woman,23,3,"[respect, denounce, death]",-0.733333333333,13.0434782609,Sat Jul 11 10:31:27 +0000 2015
230,  Mr president am medical student from Kenya  am longing to be in USA around you award me academic scholarship 254706485887,20,2,"[longing, award]",1.2,10.0,Sat Jul 11 10:31:27 +0000 2015
232,  Expanding overtime protections will improve the lives of middleclass families Read more  FixOver,13,1,[improve],1.9,7.69230769231,Sat Jul 11 10:31:23 +0000 2015
235,From my friends the person who has been the longest time on Twitter is  Im in the position 209 of 1816 ,21,1,[friends],2.1,4.7619047619,Sat Jul 11 10:31:12 +0000 2015
236,  Gulf states no longer trust US leadership with good reason  nucleartalks ,11,3,"[no, trust, good]",1.0,27.2727272727,Sat Jul 11 10:31:10 +0000 2015
237,too turnt 4 my own good  ,6,1,[good],1.9,16.6666666667,Sat Jul 11 10:31:10 +0000 2015
238,"   LOVE PRESOBAMA
to bring us back
from JBush
HELL
you must 
voteHillary
She is our only hope",17,3,"[love, hell, hope]",0.5,17.6470588235,Sat Jul 11 10:31:06 +0000 2015
240,  Weve got to make folks feel like their hard work is getting them somewhere President Obama FixOvertime,17,2,"[like, hard]",0.55,11.7647058824,Sat Jul 11 10:31:04 +0000 2015
244,  We put in place the toughest Wall Street reform in history thats protecting main street from another crisis President,19,2,"[toughest, crisis]",-1.7,10.5263157895,Sat Jul 11 10:31:01 +0000 2015
245,  The uninsured rate in America is now the lowest on record President Obama ACAWorks,14,1,[lowest],-1.6,7.14285714286,Sat Jul 11 10:30:59 +0000 2015
246,  Not only are more people getting health care businesses are able to start giving raises to their workers President Ob,20,2,"[care, giving]",1.8,10.0,Sat Jul 11 10:30:56 +0000 2015
248,  Weve been talking about the middle class since before it was cool President Obama,14,1,[cool],1.3,7.14285714286,Sat Jul 11 10:30:50 +0000 2015
250,  We need to boost the minimum wage Give America a raise President Obama RaiseTheWage,14,1,[boost],1.7,7.14285714286,Sat Jul 11 10:30:47 +0000 2015
251,  Folks forget sometimesunions are what helped bring about the 40hour work week President Obama,14,1,[forget],-0.9,7.14285714286,Sat Jul 11 10:30:46 +0000 2015
252,  Were stronger together than we are by ourselves President Obama,10,1,[stronger],1.6,10.0,Sat Jul 11 10:30:43 +0000 2015
255,  In America a hard days work deserves a fair days pay President Obama,13,3,"[hard, fair, pay]",0.166666666667,23.0769230769,Sat Jul 11 10:30:40 +0000 2015
256,  No middleclass family should be priced out of the education that they need President Obama,15,1,[no],-1.2,6.66666666667,Sat Jul 11 10:30:39 +0000 2015
257,  When the playing field is level American workers always win President Obama,12,2,"[playing, win]",1.8,16.6666666667,Sat Jul 11 10:30:30 +0000 2015
260,  Happy Fourth of July everybody God bless you God bless America President Obama,13,5,"[happy, god, bless, god, bless]",1.7,38.4615384615,Sat Jul 11 10:30:28 +0000 2015
261,  Updating overtime pay rules will benefit nearly five million American workers  FixOvertime,12,2,"[pay, benefit]",0.8,16.6666666667,Sat Jul 11 10:30:18 +0000 2015
262,  Happy Fourth of July ,4,1,[happy],2.7,25.0,Sat Jul 11 10:29:31 +0000 2015
263,  From my family to yours have a safe and happy Fourth of July President Obama ,15,2,"[safe, happy]",2.3,13.3333333333,Sat Jul 11 10:27:01 +0000 2015
264,  Good luck to the US Womens National Team in the World Cup Final President Obama SheBelieves ,16,2,"[good, luck]",1.95,12.5,Sat Jul 11 10:26:36 +0000 2015
265,  Because a hard days work deserves a fair days pay ,10,3,"[hard, fair, pay]",0.166666666667,30.0,Sat Jul 11 10:26:35 +0000 2015
266,  Expanding overtime protections will benefit nearly five million Americans Show your supportadd your name today httpt,16,1,[benefit],2.0,6.25,Sat Jul 11 10:25:52 +0000 2015
268,  Add your namebecause a hard days work deserves a fair days pay  FixOvertime,13,3,"[hard, fair, pay]",0.166666666667,23.0769230769,Sat Jul 11 10:25:38 +0000 2015
269,  Add your name if you think its time to expand overtime protections for hardworking Americans  Fi,16,1,[expand],1.3,6.25,Sat Jul 11 10:25:04 +0000 2015
270,  Thanks to Obamacare women are saving more than a billion dollars in outofpocket contraceptive costs ,15,1,[thanks],1.9,6.66666666667,Sat Jul 11 10:24:44 +0000 2015
271,  Read  Bidens thoughts on how marriage equality makes our country a better place  LoveIsLove,14,1,[better],1.9,7.14285714286,Sat Jul 11 10:24:44 +0000 2015
274, dat is good,3,1,[good],1.9,33.3333333333,Sat Jul 11 10:24:02 +0000 2015
278,  This event is to welcome  home     LuoFestival ,7,1,[welcome],2.0,14.2857142857,Sat Jul 11 10:20:09 +0000 2015
279,      Highest level of hypocrisy UK watering and promoting corruption http,10,1,[promoting],1.5,10.0,Sat Jul 11 10:20:03 +0000 2015
282, please follow this accounttkmc3 qq,5,2,"[please, qq]",-0.45,40.0,Sat Jul 11 10:19:42 +0000 2015
283,"  Rice to blame for s change of heart

 IranDeal IranTalksvienna http",11,1,[blame],-1.4,9.09090909091,Sat Jul 11 10:19:16 +0000 2015
284,The price of a nuclear deal with Iran will be paid in the blood and suffering of the people of Syria  Obama ,22,1,[suffering],-2.1,4.54545454545,Sat Jul 11 10:18:36 +0000 2015
286,  Its been a remarkable few weeks in America President Obama,10,1,[remarkable],2.6,10.0,Sat Jul 11 10:17:28 +0000 2015
287, As we remember the Bosnian genocide let us also remember the Biafran genocide where millions of children starved and died,20,2,"[starved, died]",-2.6,10.0,Sat Jul 11 10:16:55 +0000 2015
288,"Rice to blame for s change of heart

 IranDeal IranTalksvienna ",10,1,[blame],-1.4,10.0,Sat Jul 11 10:16:55 +0000 2015
290,   help,1,1,[help],1.7,100.0,Sat Jul 11 10:16:52 +0000 2015
291,  Expect disruptions during  visit  cautions  ges2015kenya httpt,7,1,[disruptions],-1.4,14.2857142857,Sat Jul 11 10:16:52 +0000 2015
293, help,1,1,[help],1.7,100.0,Sat Jul 11 10:16:48 +0000 2015
294,"  Download LIghtRoom Photoshop For Free 
Download POP TTT For Free ",10,2,"[free, free]",2.3,20.0,Sat Jul 11 10:16:48 +0000 2015
295,   I believe it The racists came out of the woodwork in KY too but they swear theyre not racist,19,3,"[racists, swear, racist]",-1.9,15.7894736842,Sat Jul 11 10:16:47 +0000 2015
297,   ANB JOH LET ME TELL YOU WORST US LRESIDENT CUMBANG COWARD THUG WEAK FROM KENYA  ,15,3,"[worst, coward, weak]",-2.33333333333,20.0,Sat Jul 11 10:16:44 +0000 2015
298, Obama Ideologies are not defeated with guns er NAZIS were and had to be defby guns nevillechamberlain ,17,1,[defeated],-2.1,5.88235294118,Sat Jul 11 10:16:41 +0000 2015
299,     Hope you were in the opportunity to see the Jan Mostaert painting mr president http,15,2,"[hope, opportunity]",1.85,13.3333333333,Sat Jul 11 10:16:40 +0000 2015
300,  Kate Stenle isnt worthy of a  comment because shes white and was killed by an illegal Mexican ,17,3,"[worthy, killed, illegal]",-1.4,17.6470588235,Sat Jul 11 10:16:34 +0000 2015
301,  Inside s stealth startup  via  longreads digitalist,7,1,[stealth],-0.3,14.2857142857,Sat Jul 11 10:16:24 +0000 2015
302, mate iv heard you know what happens to Jon Snow please feel free to inbox me as I cant wait until next year xxxxxxxxxxxxx,24,2,"[please, free]",1.8,8.33333333333,Sat Jul 11 10:15:09 +0000 2015
303, Mr Obama what happened to Jon Snow Is he really dead,11,1,[dead],-3.3,9.09090909091,Sat Jul 11 10:14:23 +0000 2015
304,  This is why the GOP has pretty much had to resort to the Obama is a poopyhead argument   ,18,2,"[pretty, argument]",0.35,11.1111111111,Sat Jul 11 10:13:05 +0000 2015
307,  i cant believe kjis smile is the solution to world peace   ,11,3,"[smile, solution, peace]",1.76666666667,27.2727272727,Sat Jul 11 10:11:36 +0000 2015
308,  citizens and the countries not in safe hands because  of your unlawful corruptions and murdering games,16,2,"[safe, murdering]",-0.7,12.5,Sat Jul 11 10:11:32 +0000 2015
309,   Barack Obama is The Smiling Assassin Childkiller and backer of Ukraine state terrorism,13,2,"[smiling, terrorism]",-0.8,15.3846153846,Sat Jul 11 10:11:30 +0000 2015
313,  you making wonderful citizens of this world so powerless with your bombs and ammunition practices,15,2,"[wonderful, powerless]",0.25,13.3333333333,Sat Jul 11 10:11:01 +0000 2015
314,  Why Bc Im a GREAT person inside and out why post so many photos can only produce more positives and represents me best My eyes,25,3,"[great, positives, best]",2.9,12.0,Sat Jul 11 10:10:50 +0000 2015
316, Hausa Fulani Boko Haram Has Continued Their Killings Against We Christians And Biafra People AndThatIsUnaccepted To Us IPOB,18,1,[killings],-3.5,5.55555555556,Sat Jul 11 10:10:39 +0000 2015
317,Understands why I put myself on the chopping block onlinebc Im positive nomatter how many negativesget thrown atme good occurs,20,3,"[block, positive, good]",0.866666666667,15.0,Sat Jul 11 10:10:38 +0000 2015
318,  yay USA cute,3,2,"[yay, cute]",2.2,66.6666666667,Sat Jul 11 10:10:37 +0000 2015
319,  Man tell us what happens to Jon Snow IS HE ALIVE Any bets red cape lady does stuff,18,1,[alive],1.6,5.55555555556,Sat Jul 11 10:10:37 +0000 2015
320,Some friends of mine call me Plato Aristotle Socrates The Kenyan   The new the late the iconic the oratoric Thomas Joseph,21,1,[friends],2.1,4.7619047619,Sat Jul 11 10:10:37 +0000 2015
322, please follow this accounttkmc3 aa,5,1,[please],1.3,20.0,Sat Jul 11 10:10:36 +0000 2015
323, you said Black community needs policemen in their community but FBI  data show that 69 of crime in USA is committed by whites,23,2,"[crime, committed]",-0.7,8.69565217391,Sat Jul 11 10:10:36 +0000 2015
325,   ORGANIZATION AGAINST LEGAL ABUSE OALA     ,5,2,"[legal, abuse]",-1.35,40.0,Sat Jul 11 10:10:34 +0000 2015
326,  Iran is playing   and   like Two Big Suckers ,8,3,"[playing, like, suckers]",0.0,37.5,Sat Jul 11 10:10:34 +0000 2015
328, was just an idea Vehicles that actually cleaned the environment would have increased speed up for the clean up many times over,22,2,"[increased, clean]",1.4,9.09090909091,Sat Jul 11 10:10:32 +0000 2015
329,I think  would be a good replacement for Jon Stewart,10,1,[good],1.9,10.0,Sat Jul 11 10:10:31 +0000 2015
330,    Abdulla mate you on a heroin trip and spreading falsehood  Just stop meddling with US Muslims ,16,2,"[heroin, stop]",-1.7,12.5,Sat Jul 11 10:10:31 +0000 2015
331, I just had a great idea the new hydro vehicles actually clean air if years polluted to get us here then years cleaning needed,24,3,"[great, clean, polluted]",0.933333333333,12.5,Sat Jul 11 10:10:30 +0000 2015
332, is abusing his power to gain access to TV storylines,10,2,"[abusing, gain]",0.2,20.0,Sat Jul 11 10:10:30 +0000 2015
333,    Highest level of hypocrisy UK watering and promoting corruption ,9,1,[promoting],1.5,11.1111111111,Sat Jul 11 10:10:30 +0000 2015
334, Pls can you RT to my wife  and 2 eldest girls climbing snowdon in UK for Charity donate ,18,2,"[pls, charity]",1.05,11.1111111111,Sat Jul 11 10:10:29 +0000 2015
335, watching you talk with Sir David Attenborough was amazing The smile you had when meeting him was the same as mine when I did,24,2,"[amazing, smile]",2.15,8.33333333333,Sat Jul 11 10:10:28 +0000 2015
336,"Muslims entering the WhiteHouse and ask  to leave after gay marriage approval

",12,2,"[leave, approval]",0.95,16.6666666667,Sat Jul 11 10:10:26 +0000 2015
338,   Ill state the obvious You be normal Okay replies ,9,2,"[ill, okay]",-0.45,22.2222222222,Sat Jul 11 10:10:22 +0000 2015
339,  my dick is cold warm it up for me  ,9,2,"[dick, warm]",-0.7,22.2222222222,Sat Jul 11 10:10:16 +0000 2015
342,  Sending FridayFollow love to       ,4,1,[love],3.2,25.0,Sat Jul 11 10:10:11 +0000 2015
343, Legal Advice by Molly   We put  in Bindings via Miss Fischmans Climb ,12,2,"[legal, miss]",-0.05,16.6666666667,Sat Jul 11 10:10:11 +0000 2015
345," MR PRESIDENT PLEASE SAVE GREECE 
GREECE IS THE LIGHT OF EUROPEDONT LET EUROPE WITHOUT LIGHT",15,2,"[please, save]",1.75,13.3333333333,Sat Jul 11 10:10:06 +0000 2015
346,There was no Cou we just d  via Molly  online We Share the Same Interests,15,3,"[no, share, interests]",0.333333333333,20.0,Sat Jul 11 10:10:05 +0000 2015
347," 
lol
That guy
divided
like theCivil War huh
dont teach that in the south
Oh
Get the NET
Alot has happened since then",23,3,"[lol, like, war]",0.5,13.0434782609,Sat Jul 11 10:10:05 +0000 2015
348,pls promote my ig post      thank you,7,3,"[pls, promote, thank]",1.13333333333,42.8571428571,Sat Jul 11 10:10:00 +0000 2015
349,my dick is cold warm it up for me  ,9,2,"[dick, warm]",-0.7,22.2222222222,Sat Jul 11 10:09:56 +0000 2015
350,  its your games of poisoning thats makes lives lossthese are war crimes against innocence people,15,3,"[poisoning, war, innocence]",-1.36666666667,20.0,Sat Jul 11 10:09:55 +0000 2015
351,  Today we can say in no uncertain terms that weve made our union a little more perfect President Obama LoveWins,20,3,"[no, uncertain, perfect]",0.1,15.0,Sat Jul 11 10:09:55 +0000 2015
352,  Bruhhh sir they charging 125 for Arizonas now  help us BlackLivesMatter,11,1,[help],1.7,9.09090909091,Sat Jul 11 10:09:53 +0000 2015
354,  The freedom to marry who you lovethats now open to all of us Thats a good thing President Obama LoveWins,20,2,"[freedom, good]",2.55,10.0,Sat Jul 11 10:09:53 +0000 2015
355,   screams mymollydolls  and   Great team Super organized now USA,9,3,"[screams, great, super]",1.6,33.3333333333,Sat Jul 11 10:09:52 +0000 2015
357,  you murdering anyone gets in your ways following  unlawful behaviour towards us u in this toge,16,1,[murdering],-3.3,6.25,Sat Jul 11 10:09:46 +0000 2015
359,  But not as upset as Maverick fans are about the loss of DeAndre Jordan,14,2,"[upset, loss]",-1.45,14.2857142857,Sat Jul 11 10:09:45 +0000 2015
360,I think    can help me pay my school fees and high school balance ,13,2,"[help, pay]",0.65,15.3846153846,Sat Jul 11 10:09:44 +0000 2015
361, good work done,3,1,[good],1.9,33.3333333333,Sat Jul 11 10:09:39 +0000 2015
362,   latest action on SolarEnergy will drive innovation towards cleaner lowcarbon energy solutions httpt,13,4,"[innovation, cleaner, energy, solutions]",1.025,30.7692307692,Sat Jul 11 10:09:34 +0000 2015
364, what are you and  doing to citizens  inparticuler to my familyis your poisoning that makes us illthen its twis,19,1,[poisoning],-2.8,5.26315789474,Sat Jul 11 10:09:33 +0000 2015
365,     I am also happy Im very flattered that Im around leaders and captains,13,2,"[happy, flattered]",2.15,15.3846153846,Sat Jul 11 10:09:27 +0000 2015
366,     I am so happy right now knowing the man that I love knows that I love him,17,3,"[happy, love, love]",3.03333333333,17.6470588235,Sat Jul 11 10:09:26 +0000 2015
367,     Germany wants Greece to suffer Do your homework,8,1,[suffer],-2.5,12.5,Sat Jul 11 10:09:23 +0000 2015
369,  so am I Devasted We needed a drink to cheer ourselves up ,12,1,[cheer],2.3,8.33333333333,Sat Jul 11 10:09:23 +0000 2015
370,       how is my favorite family doing,6,1,[favorite],2.0,16.6666666667,Sat Jul 11 10:09:21 +0000 2015
371, I  RESPECT  YOU I  SALUTE  FOR  YOU  AND  I  VERY  VERY  LIKE  YOU   THANKS,14,3,"[respect, like, thanks]",1.83333333333,21.4285714286,Sat Jul 11 10:09:18 +0000 2015
372,    But seeing greece suffer is not going to be pretty but what are the consequences for Europe,17,2,"[suffer, pretty]",-0.15,11.7647058824,Sat Jul 11 10:09:18 +0000 2015
373,i cant believe kjis smile is the solution to world peace   ,11,3,"[smile, solution, peace]",1.76666666667,27.2727272727,Sat Jul 11 10:09:16 +0000 2015
374,Via  s best s Legacy    PublicEdRevolution,6,1,[best],3.2,16.6666666667,Sat Jul 11 10:09:11 +0000 2015
376,Hey my friend  do the 11th of July the next independance day cuz  was born Thanks and see you at the barbecue,22,2,"[friend, thanks]",2.05,9.09090909091,Sat Jul 11 10:09:11 +0000 2015
377,   How do we know  is not just wanting Europe to split if they split it would only serve him surely,20,1,[surely],1.9,5.0,Sat Jul 11 10:09:10 +0000 2015
378, please follow this accounttkmc3a,4,1,[please],1.3,25.0,Sat Jul 11 10:09:06 +0000 2015
379,  Mom who lost her son Feb24 asks  wholl be at  Whyd you free my sons killer ,16,3,"[lost, free, killer]",-0.766666666667,18.75,Sat Jul 11 10:09:02 +0000 2015
382,  New Jerseys lowincome families will have better access to home solar thanks to s administration ,15,2,"[better, thanks]",1.9,13.3333333333,Sat Jul 11 10:08:57 +0000 2015
383,If I dont even have time to watch  no way President of the United States  has time to watch that show,21,2,"[no, united]",0.3,9.52380952381,Sat Jul 11 10:08:54 +0000 2015
384, great job,2,1,[great],3.1,50.0,Sat Jul 11 10:08:52 +0000 2015
385,They will kill any of the stars to keep them on their toes and save money   GameOfThrones SeanBean JasonMamoa,19,2,"[kill, save]",-0.75,10.5263157895,Sat Jul 11 10:08:51 +0000 2015
389,s Legacy  via  s best post ever  PublicEdRevolution,8,1,[best],3.2,12.5,Sat Jul 11 10:08:40 +0000 2015
390,     how is my favorite family doing,6,1,[favorite],2.0,16.6666666667,Sat Jul 11 10:08:37 +0000 2015
395,  Hell be back,3,1,[hell],-3.6,33.3333333333,Sat Jul 11 10:06:15 +0000 2015
396,      How better off is Greece since it joined the Euro,10,1,[better],1.9,10.0,Sat Jul 11 10:06:08 +0000 2015
397,      If we get the Euro can we then ask for billions every time we are in debt,17,1,[debt],-1.5,5.88235294118,Sat Jul 11 10:06:03 +0000 2015
400,   you need help ,3,1,[help],1.7,33.3333333333,Sat Jul 11 10:05:14 +0000 2015
402, you need help ,3,1,[help],1.7,33.3333333333,Sat Jul 11 10:04:24 +0000 2015
403,How do you feel knowing youre the first and last black president of the United States ,16,1,[united],1.8,6.25,Sat Jul 11 10:03:36 +0000 2015
404, Shouldnt you be focused on more important things like the OPM hack and ISIS ,14,3,"[focused, important, like]",1.3,21.4285714286,Sat Jul 11 10:03:33 +0000 2015
407,          Thanks,1,1,[thanks],1.9,100.0,Sat Jul 11 10:02:17 +0000 2015
408,   also the Italian people are AWESOME,6,1,[awesome],3.1,16.6666666667,Sat Jul 11 10:02:11 +0000 2015
409,   Those women were definitely fair looking not as pretty as me,11,3,"[definitely, fair, pretty]",1.73333333333,27.2727272727,Sat Jul 11 10:01:52 +0000 2015
410, the increase in gas prices OVERNIGHT is making me wanna become republican,12,1,[increase],1.3,8.33333333333,Sat Jul 11 10:01:46 +0000 2015
412,  Sweeter than sweet   blowing on a dandelion with a young child ,11,1,[sweet],2.0,9.09090909091,Sat Jul 11 10:01:08 +0000 2015
413,Sweeter than sweet   blowing on a dandelion with a young child ,11,1,[sweet],2.0,9.09090909091,Sat Jul 11 10:01:05 +0000 2015
414,GameOfThrones superfan  is very upset about the death of Jon Snow  ,11,2,"[upset, death]",-2.25,18.1818181818,Sat Jul 11 10:01:04 +0000 2015
415,Hey  TyrantInChief LOOKY HERE  Only 22 of Americans Favor Increased Immigration  UniteBlue tcot,13,2,"[favor, increased]",1.4,15.3846153846,Sat Jul 11 10:00:54 +0000 2015
417,   is     and more in new Energy video  ,7,1,[energy],1.1,14.2857142857,Sat Jul 11 10:00:40 +0000 2015
419,"  My dream is that you be one of your people
Phil serve you investigator dreams",15,2,"[dream, dreams]",1.35,13.3333333333,Sat Jul 11 10:00:03 +0000 2015
420, mr president im scared i dont know what to do,10,1,[scared],-1.9,10.0,Sat Jul 11 09:59:35 +0000 2015
421, SIMPEL THE BEST PRESIDENT IN USA HISTORY dank uw  ,9,1,[best],3.2,11.1111111111,Sat Jul 11 09:59:34 +0000 2015
424, idk to be honest I blame it on ,8,3,"[idk, honest, blame]",0.166666666667,37.5,Sat Jul 11 09:58:05 +0000 2015
427,   is the only American  you could reliably trust to DJ a party  ,12,2,"[trust, party]",2.0,16.6666666667,Sat Jul 11 09:57:08 +0000 2015
428,  Who is it going to hell for   ,7,1,[hell],-3.6,14.2857142857,Sat Jul 11 09:56:57 +0000 2015
429,   restoration of Biafra is the future of Africa Grant freedom of Biafra from Nigeria Biafra is the key to Afric,20,2,"[grant, freedom]",2.35,10.0,Sat Jul 11 09:56:42 +0000 2015
430,  No matter where you live this is a special time of year to be an American President Obama,18,3,"[no, matter, special]",0.2,16.6666666667,Sat Jul 11 09:55:43 +0000 2015
431,Inside s stealth startup  via  longreads digitalist,7,1,[stealth],-0.3,14.2857142857,Sat Jul 11 09:55:21 +0000 2015
432,  The Northern part of Nigeria is both a threat to the west and east Split the country now   ,18,1,[threat],-2.4,5.55555555556,Sat Jul 11 09:54:57 +0000 2015
433, Greece is the only country which had the courage to speak out against the dictatorship of Germany to the EU,20,1,[courage],2.2,5.0,Sat Jul 11 09:54:31 +0000 2015
436,Werent you going to legalize the hemp industry in America   How is the nonpsycho active part of the plant illegal,20,2,"[active, illegal]",-0.45,10.0,Sat Jul 11 09:53:55 +0000 2015
440,   Nothing could be further from truth,6,1,[truth],1.3,16.6666666667,Sat Jul 11 09:52:56 +0000 2015
441, ANKARA MAYOR AKP in Ankara is dead I NEVER EVENTS PLEASE instigator of our people KILLS ONE of the AKP YE STOP Press MAY DAY,25,4,"[dead, please, kills, stop]",-1.425,16.0,Sat Jul 11 09:52:38 +0000 2015
442,  This is finally a proactive step for the country We either pay modestly now or pay substantially in the longrun,20,3,"[proactive, pay, pay]",0.333333333333,15.0,Sat Jul 11 09:52:18 +0000 2015
445,  forcing Thats like say Obama is forcing you to pay taxes,11,2,"[like, pay]",0.55,18.1818181818,Sat Jul 11 09:51:31 +0000 2015
446,What are the chances Another  sanctioned murder to protect his lies and crims RedNationRising PJNET ,15,4,"[chances, murder, protect, lies]",-0.775,26.6666666667,Sat Jul 11 09:51:20 +0000 2015
447,  The TRUTH about s unemployment numbers tcot teaparty  jobs  ,9,2,"[truth, unemployment]",-0.3,22.2222222222,Sat Jul 11 09:50:28 +0000 2015
448,        Im surprised Im not banned from Twitter yet,8,2,"[surprised, banned]",-0.55,25.0,Sat Jul 11 09:50:27 +0000 2015
452,   Sad Sickening Traitorous Disgusting Shame on you   True colors are shining through,12,5,"[sad, sickening, disgusting, shame, true]",-1.44,41.6666666667,Sat Jul 11 09:48:12 +0000 2015
453,if i had a dollar for every tear of despair shed over my student loans i could pay them off ,20,2,"[despair, pay]",-0.85,10.0,Sat Jul 11 09:47:07 +0000 2015
454,   smdh  stupidity of some of todays youths    ,7,1,[stupidity],-1.9,14.2857142857,Sat Jul 11 09:47:00 +0000 2015
455,   iam ashamed bearing Nigerian identity I want to be identified as a biafran pls restored Biafra now,17,4,"[ashamed, want, pls, restored]",-0.025,23.5294117647,Sat Jul 11 09:46:44 +0000 2015
456, smdh  stupidity of some of todays youths    ,7,1,[stupidity],-1.9,14.2857142857,Sat Jul 11 09:45:18 +0000 2015
457,   1v1 quick scope with me your house mw2 xbox 360 ill bring  and  to be the refs,17,1,[ill],-1.8,5.88235294118,Sat Jul 11 09:45:16 +0000 2015
459,  Everyone deserves the same benefits no matter who they love  LoveIsLove Try asking Osborne,14,4,"[benefits, no, matter, love]",0.925,28.5714285714,Sat Jul 11 09:43:45 +0000 2015
460,     The Goodness overcame evil  USA AND RUSSIAFRIENDS,7,2,"[goodness, evil]",-0.7,28.5714285714,Sat Jul 11 09:43:22 +0000 2015
461,"This woman has helped me to cope with the difficulties of everyday life and enjoy life 
 and  ",17,2,"[difficulties, enjoy]",0.5,11.7647058824,Sat Jul 11 09:42:40 +0000 2015
462,     The Goodness overcame evil PALESTINE AND ISRAELFRIENDS,7,2,"[goodness, evil]",-0.7,28.5714285714,Sat Jul 11 09:42:23 +0000 2015
463, 1v1 quick scope with me your house mw2 xbox 360 ill bring  and  to be the refs,17,1,[ill],-1.8,5.88235294118,Sat Jul 11 09:42:10 +0000 2015
465, you my hero,3,1,[hero],2.6,33.3333333333,Sat Jul 11 09:41:37 +0000 2015
467,A fanatic is someone who redoubles his efforts while losing sight of his goal But undoing America is the  goal immigration,21,1,[losing],-1.6,4.7619047619,Sat Jul 11 09:40:47 +0000 2015
468,And I suppose one is shocked that attorneyGeneral for  is returning to defend WallStreet  Or not OWS boycott,18,2,"[shocked, boycott]",-1.3,11.1111111111,Sat Jul 11 09:40:29 +0000 2015
469, is there a schedule to be able to attend  s visits to Oklahoma I really want to see my president,20,1,[want],0.3,5.0,Sat Jul 11 09:40:07 +0000 2015
471,   I got mad at him too many kids died I slammed my watch into the walkway behind his house at night,21,2,"[mad, died]",-2.4,9.52380952381,Sat Jul 11 09:39:04 +0000 2015
473,Can treaty power be used to lock away the ladder of upward mobility  The courts say no rewritetherules ,18,1,[no],-1.2,5.55555555556,Sat Jul 11 09:38:23 +0000 2015
474,Who is your leader  Listen and check in with him too is your duty Okay ,15,1,[okay],0.9,6.66666666667,Sat Jul 11 09:38:16 +0000 2015
476,  citizens killed by illegal immigrants and u do and say nothing stop playing politics and help the citizens we pay your salary,22,6,"[killed, illegal, stop, playing, help, pay]",-0.866666666667,27.2727272727,Sat Jul 11 09:37:04 +0000 2015
477,        Someone Help This Man lol,5,2,"[help, lol]",2.3,40.0,Sat Jul 11 09:36:47 +0000 2015
478,Can it escalate Oh yes Obama just gave Iran nukes at IranTalks Next is  ICBMs then Kurdistan   ,17,1,[yes],1.7,5.88235294118,Sat Jul 11 09:36:45 +0000 2015
479, This is the epitome of stagnation and complacency  continues to prove that hes grossly incompetent to be POTUS,18,2,"[grossly, incompetent]",-1.5,11.1111111111,Sat Jul 11 09:36:38 +0000 2015
480,"Free Leonard Peltier   Amnesty International
  
  ",5,1,[free],2.3,20.0,Sat Jul 11 09:35:26 +0000 2015
481,"   
Please dont refer to  as Mr President This illegitimate puppet show is an af",14,1,[please],1.3,7.14285714286,Sat Jul 11 09:34:45 +0000 2015
483, your visit to Oklahoma is special Id love to see you speak is there a forum that I can attend ,20,2,"[special, love]",2.45,10.0,Sat Jul 11 09:34:02 +0000 2015
484,           EW GT AWY PRVRTS,4,1,[gt],1.1,25.0,Sat Jul 11 09:33:46 +0000 2015
486,         EW GT AWY PRVRTS ,4,1,[gt],1.1,25.0,Sat Jul 11 09:33:04 +0000 2015
487,       The sick world the man world,6,1,[sick],-2.3,16.6666666667,Sat Jul 11 09:32:51 +0000 2015
489,   damn ,1,1,[damn],-1.7,100.0,Sat Jul 11 09:31:51 +0000 2015
491,     just like every one of OGs victims does after he drops a load in their eye,16,2,"[like, victims]",0.1,12.5,Sat Jul 11 09:31:45 +0000 2015
492,  Free 3D Printable of the Week Pres   via   3dprinting h,10,1,[free],2.3,10.0,Sat Jul 11 09:31:36 +0000 2015
493,   just like every one of OGs victims does after he drops a load in their eye ,16,2,"[like, victims]",0.1,12.5,Sat Jul 11 09:30:57 +0000 2015
494, Kill this oneplease thank youall the things couldnt be usedand full of many kinds of poisonsThis is the major criminals,20,3,"[kill, thank, criminals]",-1.63333333333,15.0,Sat Jul 11 09:30:55 +0000 2015
499,  Biafra need justice for the genocide        http,7,1,[justice],2.4,14.2857142857,Sat Jul 11 09:29:20 +0000 2015
500, What is British Govt doing with one of the most corrupt men on earth Cameron stop supporting corruption in Nigeria,20,2,"[stop, supporting]",0.35,10.0,Sat Jul 11 09:28:55 +0000 2015
501, Texas officially became a White supremacist state the day after  became   like living in a horror movie,17,3,"[supremacist, like, horror]",-0.233333333333,17.6470588235,Sat Jul 11 09:27:54 +0000 2015
502,"Eye for Eye Tooth for Tooth

  CharlesWindsor  KNEW the LAW

TERROR in PROGRESS has said The Lord EL",18,2,"[terror, progress]",-0.3,11.1111111111,Sat Jul 11 09:27:46 +0000 2015
503,  maddow proof  has an awesome spokeswoman n  Karen Hillary2016 gives  credit 4 where w,14,2,"[awesome, credit]",2.35,14.2857142857,Sat Jul 11 09:27:32 +0000 2015
505,"  HELP US 
Appealing for support for the three Zubair children in Lahore who suffer LGMD2D",15,3,"[help, support, suffer]",0.3,20.0,Sat Jul 11 09:26:05 +0000 2015
